area,temperature,vegetation,albedo,building_height,pop_density
crown heights brooklyn,89.65505229,0.688076798,5.579421218,1.679784336,47026
crown heights brooklyn,86.70998017,0.522637924,22.19656914,2.881686479,47026
crown heights brooklyn,88.61465419,0.778675959,9.302528023,1.901617849,47026
crown heights brooklyn,90.4967305,0.662613105,13.39449567,1.418732496,47026
crown heights brooklyn,92.37220355,0.496144871,21.92563526,4.903954828,47026
crown heights brooklyn,90.41100609,0.609761377,26.0826423,5.428546025,47026
crown heights brooklyn,90.41739398,0.57982788,11.54073874,3.176050791,47026
crown heights brooklyn,89.65127182,0.603635482,20.92795222,3.137286277,47026
crown heights brooklyn,93.0898989,0.455401796,23.05945367,1.96683174,47026
crown heights brooklyn,93.96531693,0.511384336,26.44393815,1.67936995,47026
crown heights brooklyn,93.90339993,0.429671447,13.25129129,2.001917781,47026
crown heights brooklyn,93.65913341,0.318313777,23.20644934,1.974807041,47026
crown heights brooklyn,92.38903273,0.406990378,11.93676552,2.410504567,47026
crown heights brooklyn,93.82472744,0.276508018,4.916659113,1.464839912,47026
crown heights brooklyn,92.81186779,0.344348001,11.96774993,3.311069147,47026
crown heights brooklyn,92.31125103,0.666946785,8.383411588,3.218252363,47026
crown heights brooklyn,94.34689858,0.213083193,13.72965264,2.112099928,47026
crown heights brooklyn,94.50403205,0.343484328,5.936920047,1.988962186,47026
crown heights brooklyn,96.15665869,0.637585316,13.16006691,1.217969646,47026
crown heights brooklyn,93.84132328,0.395853726,7.848877409,2.054411806,47026
crown heights brooklyn,92.45330347,0.219044327,11.19138028,2.348492763,47026
crown heights brooklyn,93.91226707,0.298095037,16.51949654,1.690953643,47026
crown heights brooklyn,96.88546884,0.355731783,7.787889473,1.661367289,47026
crown heights brooklyn,93.41383591,0.163532303,8.422991588,1.899702244,47026
crown heights brooklyn,97.19601068,0.20519653,11.09930376,3.917613397,47026
crown heights brooklyn,95.92828066,0.338392125,4.210370369,4.80808553,47026
crown heights brooklyn,94.67556576,0.234455913,16.66869884,3.914754465,47026
crown heights brooklyn,96.17447664,0.366590345,13.02616982,1.487875586,47026
crown heights brooklyn,95.93388787,0.208097236,18.39400447,3.571053232,47026
crown heights brooklyn,96.09453643,0.156337454,8.127050703,2.222131201,47026
crown heights brooklyn,97.59355159,0.237529317,15.23085067,2.624553694,47026
crown heights brooklyn,97.99496012,0.458304532,15.04191377,3.707479689,47026
crown heights brooklyn,96.87916646,0.254746525,4.961488603,4.701195708,47026
crown heights brooklyn,96.87153468,0.301315011,4.786099096,4.718739113,47026
crown heights brooklyn,94.66711308,0.324564761,13.49926242,3.689569099,47026
crown heights brooklyn,95.73968263,0.206095231,13.41973883,3.436326345,47026
crown heights brooklyn,94.21749011,0.323767975,9.981476965,1.646874057,47026
crown heights brooklyn,97.76473873,0.448017796,14.62261198,2.0943884,47026
crown heights brooklyn,96.04858918,0.394498747,4.334720111,1.244640274,47026
crown heights brooklyn,98.26959516,0.25132919,16.58475869,1.616641178,47026
crown heights brooklyn,96.44589685,0.423309811,17.04630532,1.583197351,47026
crown heights brooklyn,94.26321455,0.166929506,17.11393151,5.649231998,47026
crown heights brooklyn,95.45725488,0.350286554,5.176031071,1.720289261,47026
crown heights brooklyn,97.00913461,0.308888297,7.97522131,4.470105406,47026
crown heights brooklyn,96.33013684,0.255983713,13.02807886,1.624711134,47026
crown heights brooklyn,98.16396487,0.424976651,7.012981239,1.582832089,47026
crown heights brooklyn,97.42614886,0.129588625,13.47780093,1.714549997,47026
crown heights brooklyn,95.94264828,0.516260879,8.758631175,4.668141913,47026
crown heights brooklyn,95.70196485,0.284612587,7.94898311,3.024941681,47026
crown heights brooklyn,97.00149768,0.281374562,4.126273795,1.871590321,47026
crown heights brooklyn,97.63330981,0.249774983,8.314131656,3.43708299,47026
crown heights brooklyn,96.66257789,0.185711916,3.610445191,1.2832015,47026
crown heights brooklyn,97.28856716,0.063348479,4.964952233,1.442408755,47026
crown heights brooklyn,99.07361473,0.151137944,10.00560824,3.871743237,47026
crown heights brooklyn,97.49949817,0.293032693,9.984042411,3.580976994,47026
crown heights brooklyn,96.92259713,0.24567094,15.53314244,3.610161531,47026
crown heights brooklyn,96.21357776,0.249919081,5.732212884,2.774016679,47026
crown heights brooklyn,95.62345305,0.34472168,7.362926147,2.492466193,47026
crown heights brooklyn,97.83134297,0.261176893,2.66994913,1.318007351,47026
crown heights brooklyn,96.03097656,0.075134204,7.974884218,1.172401284,47026
crown heights brooklyn,96.62669787,0.181358322,3.808373658,2.049100604,47026
crown heights brooklyn,98.57919193,0.269831024,3.258205639,3.787025003,47026
crown heights brooklyn,98.29335885,0.194236535,6.165380553,1.062474158,47026
crown heights brooklyn,98.28443614,0.337450665,5.994021705,3.290015743,47026
crown heights brooklyn,99.90111459,0.420064586,8.061741077,3.542136736,47026
crown heights brooklyn,96.7118216,0.126804394,10.58687533,6.212442886,47026
crown heights brooklyn,98.89430382,0.176188721,8.34566445,2.319258709,47026
crown heights brooklyn,99.53148699,0.271052304,8.612979658,2.355383145,47026
crown heights brooklyn,98.46901858,0.400852625,5.785953168,3.43146708,47026
crown heights brooklyn,98.69869745,0.207869386,2.220421951,3.030362593,47026
crown heights brooklyn,98.80440591,0.336328864,8.268962224,6.177177728,47026
crown heights brooklyn,98.37584946,0.234537169,6.691521253,4.248588641,47026
crown heights brooklyn,99.50592459,0.27515424,2.580368368,1.0062815,47026
crown heights brooklyn,95.99998984,0.356270541,8.017966366,2.376339063,47026
crown heights brooklyn,99.25057205,0.168929997,1.769334002,1.79172913,47026
crown heights brooklyn,100.0178051,0.351147314,8.706647969,4.123637754,47026
crown heights brooklyn,98.90001469,0.274487992,2.60675229,1.761049625,47026
crown heights brooklyn,97.12217272,0.282613735,2.351826053,3.864950895,47026
crown heights brooklyn,98.92151762,0.243764795,9.131237162,5.633542528,47026
crown heights brooklyn,97.89248841,0.193559238,2.608593158,1.478332299,47026
crown heights brooklyn,98.24002866,0.143775769,4.236855645,3.057104386,47026
crown heights brooklyn,98.86504966,0.357104526,5.681981045,4.953032611,47026
crown heights brooklyn,98.62332928,0.261884553,6.969197738,1.448405248,47026
crown heights brooklyn,98.76051598,0.197559274,3.229960719,1.554865761,47026
crown heights brooklyn,98.14834733,0.218839362,9.97684002,3.814547687,47026
crown heights brooklyn,95.11138455,0.131561079,6.536884388,1.418772832,47026
crown heights brooklyn,99.30405601,0.315812954,3.957095417,1.130250426,47026
crown heights brooklyn,96.87161661,0.254298363,4.596703268,1.781983336,47026
crown heights brooklyn,97.73360424,0.299132292,9.423927307,1.244530222,47026
crown heights brooklyn,97.94272527,0.224377384,7.055491252,2.331262592,47026
crown heights brooklyn,99.86810765,0.173195677,9.521684596,1.926540138,47026
crown heights brooklyn,97.09000595,0.388942483,4.189833702,1.87199283,47026
crown heights brooklyn,98.86947646,0.205448174,5.758355964,1.936356402,47026
crown heights brooklyn,98.86633661,0.282470106,8.185157316,1.113716616,47026
crown heights brooklyn,97.92525669,0.278824437,4.83488385,1.455355969,47026
crown heights brooklyn,96.75822856,0.273178965,9.776058903,2.181260025,47026
crown heights brooklyn,98.16149603,0.313917677,7.281711841,3.699572414,47026
crown heights brooklyn,98.24293067,0.228621608,2.165096543,1.544514642,47026
crown heights brooklyn,96.65735256,0.260620769,7.963951548,1.290363977,47026
crown heights brooklyn,98.46568361,0.234079319,2.313873764,2.739551144,47026
crown heights brooklyn,98.85626599,0.341798735,3.901942655,1.898048503,47026
crown heights brooklyn,98.54540286,0.297696988,5.451388909,1.31258348,47026
crown heights brooklyn,98.58306262,0.216619672,5.495344935,5.969530949,47026
crown heights brooklyn,98.38099556,0.418108214,3.127899054,2.40962418,47026
crown heights brooklyn,100.0753903,0.286804684,5.211180252,4.719057921,47026
crown heights brooklyn,99.33482638,0.223334436,7.105110617,1.800271194,47026
crown heights brooklyn,98.70562712,0.169497535,6.121841852,1.404253324,47026
crown heights brooklyn,98.72151788,0.308671637,8.378968477,6.062552856,47026
crown heights brooklyn,100.571258,0.23357758,8.297168273,1.8287414,47026
crown heights brooklyn,99.67056842,0.205283512,8.64440892,1.883850244,47026
crown heights brooklyn,98.41294439,0.371758367,9.704275742,1.080630089,47026
crown heights brooklyn,100.4398482,0.241258144,5.645644205,7.827050164,47026
crown heights brooklyn,99.41820206,0.304215287,2.729180112,2.028526787,47026
crown heights brooklyn,100.1598639,0.191420903,5.330587105,3.097098845,47026
crown heights brooklyn,99.11389099,0.151509474,4.339624768,6.49658707,47026
crown heights brooklyn,99.50247674,0.291230084,8.036414332,1.402471688,47026
crown heights brooklyn,98.66042178,0.240890082,5.693846874,1.91550912,47026
crown heights brooklyn,99.90189761,0.314748463,8.686247807,3.654678844,47026
crown heights brooklyn,100.6669227,0.221791151,10.33697748,8.718329256,47026
crown heights brooklyn,101.975201,0.192547725,11.4223175,7.001821335,47026
crown heights brooklyn,100.2907383,0.453118221,8.153604235,1.333457763,47026
crown heights brooklyn,100.3402922,0.212998206,11.23544111,1.748397788,47026
crown heights brooklyn,101.0789448,0.200669283,5.174398833,2.599755396,47026
crown heights brooklyn,101.0478164,0.222634375,9.976608354,7.451812252,47026
crown heights brooklyn,101.6067793,0.385316808,7.428162165,1.585387029,47026
crown heights brooklyn,102.3515092,0.233231823,3.443163421,2.875044493,47026
crown heights brooklyn,99.63759365,0.140810998,6.471355477,1.202719991,47026
crown heights brooklyn,100.2638998,0.195985174,2.862078123,5.004544241,47026
crown heights brooklyn,100.3043837,0.214830578,1.059080672,10.54741737,47026
crown heights brooklyn,101.7994911,0.16729709,2.004090301,2.170712279,47026
crown heights brooklyn,102.3966601,0.111535093,0.825333308,9.438647552,47026
crown heights brooklyn,100.5506864,0.094133931,6.113223891,8.299587096,47026
crown heights brooklyn,99.20640565,0.096415125,1.458436606,4.748510245,47026
crown heights brooklyn,100.9720407,0.207323051,2.016158489,2.825313185,47026
crown heights brooklyn,99.10444409,0.216100894,2.422820203,5.987637468,47026
crown heights brooklyn,100.9682061,0.256819265,0.195069789,7.271621597,47026
crown heights brooklyn,102.1209029,0.270896075,7.431119998,1.916276339,47026
crown heights brooklyn,101.6480334,0.328072636,6.793746689,1.140494575,47026
crown heights brooklyn,101.323599,0.190900227,4.927547675,3.153675748,47026
crown heights brooklyn,103.2462388,0.195423945,7.383907851,7.723376644,47026
crown heights brooklyn,103.2894613,0.162369667,3.266866385,10.82524981,47026
crown heights brooklyn,103.9791875,0.108833266,6.392166793,9.705794701,47026
crown heights brooklyn,102.8031492,0.291854933,8.259934438,2.425212789,47026
crown heights brooklyn,101.4465918,0.178047508,5.639142375,5.952739562,47026
crown heights brooklyn,103.2597792,0.241039135,3.921808892,5.031042045,47026
crown heights brooklyn,100.9356,0.176608379,2.369591904,1.524798834,47026
crown heights brooklyn,102.047865,0.16442078,4.07269235,1.682934027,47026
crown heights brooklyn,103.2826431,0.180892471,7.107353164,1.339943059,47026
crown heights brooklyn,102.0895705,0.365945423,5.071806583,3.838905394,47026
crown heights brooklyn,102.7710795,0.295747921,4.561845003,6.386118444,47026
crown heights brooklyn,103.0516914,0.173347493,4.464425143,11.31755002,47026
crown heights brooklyn,102.0378013,0.37150554,1.459934479,5.080705695,47026
crown heights brooklyn,102.0690158,0.233444992,3.685870177,1.081919195,47026
crown heights brooklyn,102.3277943,0.206039684,8.230884928,7.604153641,47026
crown heights brooklyn,102.2920643,0.166431137,2.066614609,8.850452271,47026
crown heights brooklyn,103.4056027,0.269916095,1.38390612,2.200208241,47026
crown heights brooklyn,103.0186717,0.131372013,3.524902444,2.512151534,47026
crown heights brooklyn,101.4734321,0.150850261,4.59597483,8.741888692,47026
crown heights brooklyn,102.6632389,0.326860533,6.018502566,3.5887379,47026
crown heights brooklyn,104.2489388,0.405090369,0.376046012,3.324307063,47026
crown heights brooklyn,102.2005118,0.171857808,6.316281447,6.962786578,47026
crown heights brooklyn,102.9709355,0.331644689,2.058306364,2.026107501,47026
crown heights brooklyn,101.6547187,0.225133046,3.48893375,8.607915326,47026
crown heights brooklyn,104.2329335,0.340220021,3.66680154,11.38304506,47026
crown heights brooklyn,104.2432835,0.247188162,2.76649902,8.502694747,47026
crown heights brooklyn,102.3067269,0.387986274,5.334501763,7.088413996,47026
crown heights brooklyn,103.0166962,0.26417438,1.323255266,1.943811569,47026
crown heights brooklyn,103.7716893,0.173924,1.661027888,9.216766018,47026
crown heights brooklyn,101.9110101,0.044082331,6.727501548,2.306644102,47026
crown heights brooklyn,102.724909,0.215154198,2.951308829,2.331673427,47026
crown heights brooklyn,101.1302086,0.292872039,4.196884501,8.503699244,47026
crown heights brooklyn,104.0536433,0.374692834,6.878928035,9.274779067,47026
crown heights brooklyn,103.9549993,0.334353664,0.229551581,6.918871802,47026
crown heights brooklyn,103.7956125,0.180545243,0.166042084,1.104259731,47026
crown heights brooklyn,104.1184194,0.378891123,4.088973835,5.313957233,47026
crown heights brooklyn,104.5258489,0.187141198,1.255501402,2.77851226,47026
crown heights brooklyn,102.7798023,0.239829991,4.934862408,10.42791822,47026
crown heights brooklyn,103.6271236,0.140807946,0.141202612,6.18197854,47026
crown heights brooklyn,106.1646364,0.166945942,1.176996074,11.10881889,47026
crown heights brooklyn,106.3201792,0.232486984,0.15501406,1.754667998,47026
crown heights brooklyn,103.9786633,0.260996001,5.038509505,10.58205478,47026
crown heights brooklyn,104.5759899,0.344803275,4.645868946,4.103525154,47026
crown heights brooklyn,105.2607258,0.252994285,4.54985573,2.401783151,47026
crown heights brooklyn,104.8603774,0.164183555,1.164471913,2.208047138,47026
crown heights brooklyn,105.5229971,0.177490606,0.188942135,2.333661649,47026
crown heights brooklyn,106.4988639,0.356995193,8.305207282,7.971758433,47026
crown heights brooklyn,106.2065455,0.209827809,3.096825907,10.77321658,47026
crown heights brooklyn,108.833708,0.197640716,8.167505728,5.193880695,47026
crown heights brooklyn,109.4126954,0.24301463,1.944316562,5.941676342,47026
crown heights brooklyn,108.80034,0.294960626,7.204799689,1.844725075,47026
crown heights brooklyn,108.1479078,0.181580992,2.747126958,1.595244767,47026
crown heights brooklyn,108.4447632,0.223140696,0.625700357,3.690759626,47026
crown heights brooklyn,109.8202253,0.214112148,7.628794772,10.27281163,47026
crown heights brooklyn,111.6992906,0.270624039,8.243914346,8.667538187,47026
fordham bronx,80.66269318,0.672498344,21.15365654,4.080590887,55558
fordham bronx,83.3371189,0.616096815,7.163407902,3.130820608,55558
fordham bronx,83.61357381,0.709448754,14.25854734,4.702275349,55558
fordham bronx,82.42669173,0.631290898,15.67478872,3.111994936,55558
fordham bronx,82.52116825,0.774150391,8.771230383,2.170611637,55558
fordham bronx,82.93263511,0.715486182,12.42725743,1.346853349,55558
fordham bronx,84.52541323,0.593851973,4.956680315,2.90267477,55558
fordham bronx,85.10944029,0.593605736,12.84414617,1.183994649,55558
fordham bronx,86.70414873,0.371374412,23.0495962,1.036950774,55558
fordham bronx,84.68067575,0.286846779,23.45228721,2.848053839,55558
fordham bronx,84.34935785,0.587452422,8.32751738,1.270608237,55558
fordham bronx,85.00898414,0.624002852,19.61063334,5.555306292,55558
fordham bronx,86.98314149,0.524180195,23.37453881,1.84890516,55558
fordham bronx,86.67888043,0.233894814,24.19795149,2.61157534,55558
fordham bronx,86.60690523,0.464370001,19.81173171,4.106209408,55558
fordham bronx,84.88244929,0.367607714,3.537360022,1.140128671,55558
fordham bronx,85.64266004,0.664739146,8.653685399,3.924083806,55558
fordham bronx,85.93819513,0.298755146,9.098108867,2.729192126,55558
fordham bronx,86.54353618,0.443377707,15.73482286,1.450487889,55558
fordham bronx,87.63344897,0.568355989,17.02033272,3.414485913,55558
fordham bronx,87.08152632,0.617790808,17.54052194,1.128751762,55558
fordham bronx,86.61231105,0.527563469,22.44370481,4.919983966,55558
fordham bronx,88.52954998,0.277268773,20.43413102,1.209497681,55558
fordham bronx,87.60151622,0.594134385,7.77601633,1.337606516,55558
fordham bronx,87.12465698,0.383009872,17.23312274,3.508942386,55558
fordham bronx,88.32312344,0.362179026,24.83820705,1.291706145,55558
fordham bronx,88.79121565,0.452599636,11.55771304,2.797329057,55558
fordham bronx,87.6406113,0.568922406,22.90642337,1.738507712,55558
fordham bronx,88.63670176,0.3123998,11.65588192,1.932236849,55558
fordham bronx,88.02882608,0.363595886,19.87895698,1.659470276,55558
fordham bronx,91.87261599,0.382087572,23.04946928,2.927925028,55558
fordham bronx,87.64017533,0.328646824,24.31758419,3.091402864,55558
fordham bronx,87.78656738,0.293353845,22.56794062,1.207562061,55558
fordham bronx,91.13033797,0.403184811,7.812989725,1.112830861,55558
fordham bronx,92.19342987,0.095451924,19.19689262,1.87064436,55558
fordham bronx,92.96890351,0.374637168,5.012088457,1.418300465,55558
fordham bronx,91.31307776,0.447737548,22.66188895,3.683094804,55558
fordham bronx,90.90336426,0.268802004,9.908665823,1.532536397,55558
fordham bronx,91.67367334,0.359208349,7.502153886,2.659952018,55558
fordham bronx,93.50426559,0.245659053,8.092589715,1.665323186,55558
fordham bronx,92.90933255,0.304506909,5.52029143,3.425932045,55558
fordham bronx,91.75740345,0.502403181,11.91445627,3.504054141,55558
fordham bronx,91.5763354,0.194095947,3.425930772,3.779442966,55558
fordham bronx,93.52323753,0.363948751,22.18744785,3.488124973,55558
fordham bronx,92.90430199,0.356052496,19.09327277,5.459445019,55558
fordham bronx,92.57605823,0.336006934,9.795897723,6.497125642,55558
fordham bronx,94.35826003,0.522596167,7.931458629,3.941316212,55558
fordham bronx,90.46059801,0.297143039,9.196186121,3.794872888,55558
fordham bronx,91.8457732,0.450106161,11.504435,4.621684734,55558
fordham bronx,92.27071765,0.179711822,10.46483226,3.033865423,55558
fordham bronx,93.19185192,0.359736203,25.07254569,2.970644489,55558
fordham bronx,91.82521855,0.112767474,7.595245128,2.150882891,55558
fordham bronx,93.51389295,0.16393966,18.53008148,3.388700037,55558
fordham bronx,93.1146244,0.333680136,8.613883336,1.969588166,55558
fordham bronx,93.2730933,0.493012625,21.29356697,2.620364809,55558
fordham bronx,93.20362192,0.294426826,23.34811189,2.917032849,55558
fordham bronx,91.96802246,0.384741599,15.04747535,2.331952961,55558
fordham bronx,94.0862076,0.490454902,16.51010303,1.987499066,55558
fordham bronx,93.62510985,0.283585064,20.32252372,1.181243436,55558
fordham bronx,93.20875563,0.377502297,19.88956,2.671553693,55558
fordham bronx,95.18132652,0.373991457,12.68837906,5.562921621,55558
fordham bronx,90.83359895,0.416998032,20.11122792,1.802093664,55558
fordham bronx,94.90327781,0.502558417,14.86208876,2.974944628,55558
fordham bronx,93.51266407,0.424512073,12.26865407,1.897140872,55558
fordham bronx,93.68968044,0.572760321,15.29960266,1.342036109,55558
fordham bronx,93.53476981,0.319051542,9.603857626,4.023907977,55558
fordham bronx,94.04677033,0.255015387,11.70094379,4.974374565,55558
fordham bronx,94.53256826,0.474527574,15.15808076,1.416743029,55558
fordham bronx,95.31990658,0.304124337,12.9736822,3.702427637,55558
fordham bronx,92.22999961,0.351084691,12.3274069,5.267780973,55558
fordham bronx,94.77808233,0.255013194,8.639211129,2.348034153,55558
fordham bronx,92.65280378,0.188957817,13.03690301,3.774164871,55558
fordham bronx,95.01270891,0.422582316,8.858015416,2.775220972,55558
fordham bronx,93.73847202,0.155582063,16.68448358,2.710164995,55558
fordham bronx,94.13311103,0.235616158,9.020678915,3.319126519,55558
fordham bronx,94.23438632,0.45747418,2.82372363,3.632318763,55558
fordham bronx,96.55416885,0.193904854,5.946750065,1.853174888,55558
fordham bronx,94.3820898,0.540458835,8.265210801,3.078513063,55558
fordham bronx,95.64933213,0.339474828,12.96686422,7.464933278,55558
fordham bronx,94.36091382,0.313411491,16.48490499,3.222754325,55558
fordham bronx,95.4235198,0.356978625,15.09644469,1.072848114,55558
fordham bronx,95.54297949,0.291781213,13.74330232,3.297720003,55558
fordham bronx,95.06200456,0.230540102,9.464323725,6.604183833,55558
fordham bronx,94.81218989,0.172814628,12.5946169,7.40460405,55558
fordham bronx,95.52891207,0.325471091,4.045732082,3.568053762,55558
fordham bronx,96.45579205,0.071018458,3.266293915,1.341454371,55558
fordham bronx,96.48057571,0.55962995,3.616075956,1.930318801,55558
fordham bronx,94.86105896,0.438077801,14.96204806,2.639784148,55558
fordham bronx,96.3298116,0.163872127,17.00441731,1.984541542,55558
fordham bronx,94.61346843,0.32364502,10.00515135,6.450178126,55558
fordham bronx,94.98615383,0.095419927,16.71119691,5.164573584,55558
fordham bronx,96.96863402,0.280300893,6.923603114,1.537434734,55558
fordham bronx,98.71617155,0.284679115,9.443066383,3.806862656,55558
fordham bronx,94.69087045,0.317628172,5.839095747,2.551946556,55558
fordham bronx,96.7474598,0.295934434,6.110649073,2.775016696,55558
fordham bronx,95.66179676,0.441351167,5.835782618,1.122866959,55558
fordham bronx,95.94295137,0.099973863,13.04401911,7.025393366,55558
fordham bronx,96.49968185,0.393927728,16.86088573,6.309586777,55558
fordham bronx,92.15517016,0.241214934,3.863901585,3.198509552,55558
fordham bronx,95.1137124,0.175564181,3.189487551,1.201907167,55558
fordham bronx,97.27516604,0.202709024,12.07987895,1.209401747,55558
fordham bronx,96.54172748,0.225580179,6.53534306,1.002264705,55558
fordham bronx,95.20427445,0.301428219,15.2804618,3.319646971,55558
fordham bronx,95.11782409,0.055279267,8.110812541,3.970088681,55558
fordham bronx,98.09707513,0.263532593,3.746476727,3.962438697,55558
fordham bronx,94.39879346,0.350472419,13.6269811,4.684518813,55558
fordham bronx,97.47032174,0.474132487,6.894942984,2.227464561,55558
fordham bronx,97.03917476,0.185785649,8.276632307,2.947100547,55558
fordham bronx,97.42015378,0.07904575,16.28222013,3.469761045,55558
fordham bronx,95.03726562,0.113337159,17.24698178,6.202683649,55558
fordham bronx,98.8284314,0.350683095,15.99244279,5.807430101,55558
fordham bronx,95.31019582,0.14347221,4.055741457,2.759103715,55558
fordham bronx,97.33201696,0.257679261,17.15818313,2.653606229,55558
fordham bronx,97.34559583,0.095245596,8.358491116,2.094717317,55558
fordham bronx,96.33495163,0.125958658,8.665443894,5.064136393,55558
fordham bronx,96.33812061,0.241947704,10.36141386,6.495167645,55558
fordham bronx,98.84169521,0.22664923,3.309829713,5.610038632,55558
fordham bronx,96.71714827,0.290888872,9.657419892,3.686778623,55558
fordham bronx,97.83777435,0.208196959,9.694431433,4.684902396,55558
fordham bronx,97.24943698,0.387929546,6.743042203,5.395589765,55558
fordham bronx,97.71810588,0.119123703,6.400956895,2.463828722,55558
fordham bronx,99.10679424,0.35919005,3.007143708,6.38484116,55558
fordham bronx,94.59530201,0.282830715,5.717829291,7.365987557,55558
fordham bronx,100.5840296,0.312907088,8.185243853,9.243865944,55558
fordham bronx,97.20094708,0.380473835,2.459408117,5.441581019,55558
fordham bronx,100.3469151,0.3838973,4.785481288,8.333477557,55558
fordham bronx,95.1159155,0.368318448,5.579313787,3.794889774,55558
fordham bronx,96.27990586,0.204770354,6.48395881,6.687043086,55558
fordham bronx,97.50143546,0.157299182,3.630727399,2.328997746,55558
fordham bronx,97.94210627,0.210874526,4.392408717,2.045945777,55558
fordham bronx,98.23498954,0.310526777,0.495220839,2.761518347,55558
fordham bronx,97.35136302,0.336214927,7.619011847,6.393150832,55558
fordham bronx,98.23831579,0.276394691,3.046381834,1.177656913,55558
fordham bronx,96.78799424,0.204040109,8.910310049,1.900765898,55558
fordham bronx,96.44339758,0.265995086,1.047093651,1.538590917,55558
fordham bronx,98.19920644,0.118363223,1.858716043,1.683373222,55558
fordham bronx,96.69187114,0.400411975,2.181870425,1.098612897,55558
fordham bronx,98.38453457,0.18306316,6.378855561,5.155362304,55558
fordham bronx,98.709469,0.212799534,8.970110377,2.398915018,55558
fordham bronx,99.64612765,0.054395163,3.018457233,1.66319738,55558
fordham bronx,97.93637521,0.28529171,9.500286299,1.627873387,55558
fordham bronx,99.12276746,0.319895732,9.276289683,5.563109134,55558
fordham bronx,97.42847328,0.166167777,7.583105804,1.498998478,55558
fordham bronx,99.55268057,0.345506034,5.181047476,5.23268724,55558
fordham bronx,96.4305675,0.547510619,3.749998624,1.927619288,55558
fordham bronx,99.40657333,0.149368418,4.103850904,4.080613456,55558
fordham bronx,98.26146474,0.317744336,4.275499435,2.006954234,55558
fordham bronx,99.83674224,0.360162531,8.720715658,2.20655298,55558
fordham bronx,97.6315845,0.156057363,1.703031542,2.275671688,55558
fordham bronx,99.73383761,0.120652785,1.631971327,3.632430918,55558
fordham bronx,99.47936475,0.322573225,9.284691519,5.148097188,55558
fordham bronx,101.5623755,0.279925312,3.540253034,10.18887382,55558
fordham bronx,99.21613149,0.471211576,0.67493835,3.916111163,55558
fordham bronx,98.93659599,0.273325234,9.320083195,1.479561208,55558
fordham bronx,98.35968305,0.386641445,0.796347847,1.06174033,55558
fordham bronx,98.96415645,0.191607208,6.660249515,2.406281256,55558
fordham bronx,98.86225037,0.065011473,8.346157851,2.748012475,55558
fordham bronx,98.52146822,0.272038918,0.403103067,2.539007211,55558
fordham bronx,98.66287526,0.306017958,9.238699537,2.813757714,55558
fordham bronx,96.09752553,0.345782055,7.626807366,3.12237662,55558
fordham bronx,98.86153433,0.095369692,5.575460882,5.809235235,55558
fordham bronx,100.8023132,0.274072927,5.717741558,3.553664899,55558
fordham bronx,100.9836939,0.392306208,1.7741739,11.62511507,55558
fordham bronx,100.1899085,0.201407584,9.882536847,10.61504094,55558
fordham bronx,101.0364656,0.563445659,3.20763001,3.814436924,55558
fordham bronx,97.90591471,0.13186229,2.036282534,5.227270915,55558
fordham bronx,100.7927211,0.276560038,1.61360014,10.06761829,55558
fordham bronx,102.4871172,0.13008263,1.95569525,8.729792179,55558
fordham bronx,101.4326921,0.205044977,0.71631843,1.770771027,55558
fordham bronx,98.52793875,0.155453826,3.707669092,3.58445393,55558
fordham bronx,102.610277,0.132506307,6.994076363,11.52164706,55558
fordham bronx,102.1366435,0.170955456,0.490958732,8.180656705,55558
fordham bronx,101.4282168,0.083873974,4.109866046,2.87298294,55558
fordham bronx,102.0642443,0.260846564,1.223952075,8.529202825,55558
fordham bronx,100.9204334,0.20791658,7.093742698,3.938299555,55558
fordham bronx,102.4269724,0.300117319,2.045149085,3.336467872,55558
fordham bronx,102.4137625,0.159807198,2.559490036,3.400021384,55558
fordham bronx,102.8931083,0.14894015,1.580007038,9.242283661,55558
fordham bronx,99.44971851,0.219403243,3.437770267,1.537757503,55558
fordham bronx,100.5011802,0.018536189,3.513201758,6.015286805,55558
fordham bronx,103.5607523,0.255908688,6.256798919,3.195081858,55558
fordham bronx,102.6678434,0.160326927,3.682644395,10.25933491,55558
fordham bronx,102.9091726,0.073537657,6.694676811,10.72567873,55558
fordham bronx,101.772899,0.164233346,4.431089419,11.22359511,55558
fordham bronx,103.105736,0.196348999,1.175065779,10.58144793,55558
fordham bronx,103.200743,0.234476269,3.510193714,8.876077035,55558
fordham bronx,101.7488519,0.190566633,2.127483675,3.451001214,55558
fordham bronx,101.5253781,0.09665091,3.558326044,2.45857876,55558
fordham bronx,101.4975438,0.338985527,2.852471905,9.073876786,55558
fordham bronx,102.5220245,0.132610677,1.839153066,3.942737113,55558
fordham bronx,102.0378786,0.309335573,4.221243187,7.211305174,55558
fordham bronx,102.2068208,0.272885082,0.881764763,2.009000108,55558
fordham bronx,105.0978231,0.250579174,4.859211564,3.37859197,55558
fordham bronx,103.1580188,0.254029217,4.912040582,4.702691891,55558
fordham bronx,102.6459166,0.171620795,4.043512293,11.08868406,55558
fordham bronx,103.6431152,0.188743203,7.230722498,6.809934776,55558
fordham bronx,104.1796998,0.090076083,2.661707766,8.535813749,55558
fordham bronx,103.8518279,0.27699721,2.561762177,6.305976925,55558
fordham bronx,103.9922897,0.242347258,2.361705161,5.805135574,55558
fordham bronx,103.7815888,0.114108333,3.439183193,3.22716399,55558
fordham bronx,106.0684777,0.104275464,3.327558557,9.081366783,55558
fordham bronx,102.6612978,0.335447543,4.82610899,6.824759632,55558
fordham bronx,105.1553779,0.210330508,3.857107059,10.58304952,55558
fordham bronx,104.1098708,0.278103396,4.981172266,6.814105371,55558
fordham bronx,105.0910685,0.390941135,2.978786297,11.63564161,55558
fordham bronx,103.9133449,0.274291764,4.933351008,9.493748284,55558
fordham bronx,105.0272217,0.351765907,2.187923828,9.389842225,55558
fordham bronx,103.7569711,0.226416428,6.892056093,5.316885402,55558
fordham bronx,104.6360526,0.190570127,4.758500389,3.563109636,55558
fordham bronx,104.9150376,0.255276059,0.017163299,7.400355695,55558
fordham bronx,108.7541779,0.035271305,4.74866225,11.55829531,55558
lower manhattan east,89.63740112,0.364193043,7.629440417,7.215603104,44244
lower manhattan east,90.33669532,0.534824236,19.95238439,5.227761976,44244
lower manhattan east,92.02565693,0.173721975,17.45277263,4.005522634,44244
lower manhattan east,89.60384835,0.286181685,10.05254596,1.837173898,44244
lower manhattan east,91.89007973,0.211684951,11.33676258,6.724752529,44244
lower manhattan east,88.84161271,0.396261065,10.0160452,3.90232151,44244
lower manhattan east,92.04967205,0.421610428,23.56780003,9.455406774,44244
lower manhattan east,90.14919864,0.293318119,15.99093048,9.956433525,44244
lower manhattan east,91.29397093,0.306485935,14.91974901,5.039482916,44244
lower manhattan east,93.70332372,0.268887871,10.95068019,2.989294339,44244
lower manhattan east,92.88379175,0.231200582,11.58776697,10.2381374,44244
lower manhattan east,94.23227549,0.260145921,22.55894578,6.982030568,44244
lower manhattan east,92.11078446,0.228164141,15.51804755,11.3453788,44244
lower manhattan east,92.82592047,0.165620324,8.507711589,4.126763113,44244
lower manhattan east,90.97353898,0.242135803,15.0544598,7.210947029,44244
lower manhattan east,91.5830629,0.200557297,19.91497021,5.641153804,44244
lower manhattan east,92.878921,0.137575892,14.13008298,4.650857706,44244
lower manhattan east,92.70731445,0.223202302,15.15232617,6.844910739,44244
lower manhattan east,92.71575045,0.217933332,6.610564279,1.653997341,44244
lower manhattan east,92.22671101,0.233089827,18.15416008,2.20383756,44244
lower manhattan east,91.84322116,0.506613526,24.90490887,2.658160897,44244
lower manhattan east,92.16526174,0.25789022,23.3771035,6.291043371,44244
lower manhattan east,94.27924621,0.396071562,12.7962438,6.129430263,44244
lower manhattan east,91.76305679,0.156678717,9.017249432,11.16622124,44244
lower manhattan east,95.38367065,0.315404901,23.65599918,11.52868629,44244
lower manhattan east,92.85168448,0.247405822,17.95756028,7.408037132,44244
lower manhattan east,93.72125367,0.453385719,24.92115339,3.953047267,44244
lower manhattan east,92.9313975,0.348119218,7.129758956,4.864633858,44244
lower manhattan east,91.45261042,0.359616356,16.70992356,10.60412575,44244
lower manhattan east,94.19976322,0.263418437,15.79605561,4.435382343,44244
lower manhattan east,93.77287068,0.442895301,16.89410046,10.41290286,44244
lower manhattan east,92.77740392,0.241932378,4.962811294,9.693705837,44244
lower manhattan east,93.25897937,0.208452603,18.23871977,5.248639303,44244
lower manhattan east,94.35752366,0.420572027,21.73952768,9.169828435,44244
lower manhattan east,93.68868939,0.18937932,13.35327562,3.960077512,44244
lower manhattan east,91.79767315,0.297405682,6.286613057,1.634996317,44244
lower manhattan east,93.94538816,0.316518716,21.22257092,8.688508781,44244
lower manhattan east,93.83838057,0.242512892,13.40838719,3.343937088,44244
lower manhattan east,95.99946262,0.321395676,10.68625055,4.567059165,44244
lower manhattan east,94.13721247,0.221514143,7.01326138,2.156969436,44244
lower manhattan east,92.9076994,0.196562091,12.452911,10.52441075,44244
lower manhattan east,94.37939145,0.329031277,2.982408898,8.2478876,44244
lower manhattan east,94.93830985,0.293097738,4.624817581,3.118807291,44244
lower manhattan east,93.99533608,0.22507985,8.592006889,3.228653324,44244
lower manhattan east,95.60475983,0.312439665,14.57584272,10.86426866,44244
lower manhattan east,96.2353833,0.184876441,5.890531381,2.173558882,44244
lower manhattan east,97.06246523,0.05251225,10.18570632,4.390698881,44244
lower manhattan east,96.28033145,0.181059284,15.15947573,3.761017578,44244
lower manhattan east,95.20385491,0.420851182,5.826285906,10.53744907,44244
lower manhattan east,94.16827903,0.118169219,14.88320863,9.101106531,44244
lower manhattan east,96.02159025,0.062579743,3.008814152,5.489027465,44244
lower manhattan east,96.79519834,0.230770445,9.737237505,5.349488147,44244
lower manhattan east,95.32056397,0.095354781,14.56930841,8.872538721,44244
lower manhattan east,94.33166886,0.267181798,14.87486844,1.318140728,44244
lower manhattan east,95.68395132,0.160071393,9.469838662,1.091832801,44244
lower manhattan east,94.73380561,0.170942399,7.731014893,2.605960496,44244
lower manhattan east,96.91017616,0.12740213,4.885881399,8.5670298,44244
lower manhattan east,96.41558031,0.184542677,3.030975286,11.25509929,44244
lower manhattan east,95.45377792,0.233617987,9.237332163,7.443800852,44244
lower manhattan east,95.91855461,0.140645942,9.199377366,1.646465553,44244
lower manhattan east,96.76186759,0.128484988,11.21566639,3.762565791,44244
lower manhattan east,96.7987337,0.089427067,15.16415067,9.953661283,44244
lower manhattan east,95.31710877,0.153726421,10.03008902,1.151186698,44244
lower manhattan east,96.88159915,0.290974489,14.52923794,6.893373807,44244
lower manhattan east,97.06353183,0.225930999,8.976480167,7.422252482,44244
lower manhattan east,98.51533048,0.212529064,12.52217935,4.413166632,44244
lower manhattan east,98.7243006,0.144335086,14.56219643,11.68109058,44244
lower manhattan east,95.67979228,0.244543409,16.9152477,11.32147548,44244
lower manhattan east,96.98052374,0.198948052,3.52339817,4.501811238,44244
lower manhattan east,97.18979671,0.158079977,5.818778627,3.478677342,44244
lower manhattan east,99.20841442,0.125598254,2.950744442,11.97529088,44244
lower manhattan east,97.78162701,0.121369207,6.453457076,9.321125152,44244
lower manhattan east,97.76872933,0.12350505,10.78705519,4.233981543,44244
lower manhattan east,98.54446077,0.217329309,4.065518879,4.409430767,44244
lower manhattan east,98.14070852,0.106924056,3.554909426,7.804139064,44244
lower manhattan east,95.85057805,0.22837652,8.180581708,3.397599248,44244
lower manhattan east,99.58841564,0.013220931,9.1409241,10.42619413,44244
lower manhattan east,97.67157135,0.272955034,10.12232973,3.995873322,44244
lower manhattan east,100.1810378,0.13244099,5.354782242,8.061670527,44244
lower manhattan east,99.42584368,0.071155376,7.882016177,5.585141598,44244
lower manhattan east,95.89199656,0.064917096,9.314067465,5.142377967,44244
lower manhattan east,99.09743719,0.049583604,7.092160724,11.22092977,44244
lower manhattan east,97.40788418,-0.014982526,10.66226274,3.321729511,44244
lower manhattan east,96.83479551,-0.0922354,1.673532097,9.231029959,44244
lower manhattan east,99.07653548,0.081856951,9.482325077,2.278619798,44244
lower manhattan east,98.87251411,0.27547728,6.772092862,11.97494988,44244
lower manhattan east,97.74671333,0.00842383,9.591456656,7.445069786,44244
lower manhattan east,98.89192857,0.27850713,1.009977156,9.46076944,44244
lower manhattan east,99.91700814,0.143815193,2.031870416,10.98861839,44244
lower manhattan east,98.55577815,0.096186601,9.417895236,7.910729839,44244
lower manhattan east,97.51183229,0.20089648,5.913575561,7.869300857,44244
lower manhattan east,98.93582878,0.248050397,2.644655131,7.489587549,44244
lower manhattan east,99.20472464,0.150333875,7.690051651,2.900034397,44244
lower manhattan east,99.79379253,0.101367126,4.169396604,4.761405542,44244
lower manhattan east,96.49373104,0.126632138,3.217624071,1.203776699,44244
lower manhattan east,99.1067143,0.246151007,3.904953496,10.62452889,44244
lower manhattan east,100.193235,0.195996492,3.182005402,5.546037205,44244
lower manhattan east,100.6330434,0.105338665,10.253577,6.966150566,44244
lower manhattan east,97.81808954,0.085601076,9.638194956,9.878655013,44244
lower manhattan east,99.20556845,0.133290382,9.655222925,6.354212608,44244
lower manhattan east,97.32486314,0.161320996,1.158655211,11.48023919,44244
lower manhattan east,97.96356319,0.225717441,2.318233442,7.594253985,44244
lower manhattan east,98.27888407,0.04471469,9.104963785,8.913754971,44244
lower manhattan east,100.1839979,0.128890904,10.17242889,11.04366057,44244
lower manhattan east,99.33689539,0.051738112,8.71155064,1.749865056,44244
lower manhattan east,101.0684063,0.059595487,1.99601408,11.15671181,44244
lower manhattan east,100.3046368,0.060963098,4.512375459,12.13110793,44244
lower manhattan east,101.2493552,0.070590608,4.820377602,12.15363215,44244
lower manhattan east,100.6044523,0.039162668,7.114078425,14.63710132,44244
lower manhattan east,102.196,0.074506427,4.873391062,16.88177528,44244
lower manhattan east,102.8492508,0.13658749,1.295123752,8.615469486,44244
lower manhattan east,98.7302764,0.042038118,6.446072563,2.580313438,44244
lower manhattan east,103.8252023,0.042713729,3.943381889,6.864835661,44244
lower manhattan east,104.2523886,0.123917366,3.193802642,12.89811962,44244
lower manhattan east,100.5804904,-0.046380481,4.919870343,14.57177591,44244
lower manhattan east,103.6151606,-0.059431263,4.789066226,6.262770661,44244
lower manhattan east,105.0633466,0.011213885,7.216591531,11.42957366,44244
maspeth queens,81.4563377,0.764235254,8.770430604,2.745993504,27155
maspeth queens,81.43554986,0.670034191,17.23378196,3.289031254,27155
maspeth queens,82.96327573,0.774879392,7.721890721,1.330140271,27155
maspeth queens,83.75473625,0.418038659,21.43544213,2.353760205,27155
maspeth queens,83.98247918,0.555291439,24.60112189,2.817230245,27155
maspeth queens,82.92225892,0.754512352,19.58959945,1.097395828,27155
maspeth queens,83.20475957,0.584832878,17.40298561,1.598828319,27155
maspeth queens,83.40751728,0.75517937,25.44059769,1.760143713,27155
maspeth queens,84.2064992,0.695370466,25.01060222,1.202013088,27155
maspeth queens,83.19941514,0.631155981,22.12718276,2.364918236,27155
maspeth queens,85.02472574,0.680164612,10.76772298,1.787024787,27155
maspeth queens,83.70781988,0.548739326,16.1855568,2.271348591,27155
maspeth queens,84.96516383,0.796356393,12.97165809,1.857743516,27155
maspeth queens,85.92073158,0.419645809,6.64639508,4.865934047,27155
maspeth queens,84.86033915,0.466560793,15.73025981,1.784401247,27155
maspeth queens,86.53817784,0.520265692,22.98619388,1.044614766,27155
maspeth queens,85.64852818,0.603026886,19.95673183,1.189941772,27155
maspeth queens,87.50680476,0.649811091,23.2619138,2.252084051,27155
maspeth queens,87.19067244,0.595592129,20.11288734,1.300790938,27155
maspeth queens,87.34970133,0.537307914,6.02436594,1.631071853,27155
maspeth queens,87.95658688,0.532751705,5.287797883,3.563441048,27155
maspeth queens,86.12590778,0.56435471,6.676294901,1.197192973,27155
maspeth queens,88.8026083,0.480022268,4.554843431,2.467379136,27155
maspeth queens,86.90786387,0.794541171,7.395637267,1.990950528,27155
maspeth queens,88.97340319,0.468356325,25.50213708,3.892201607,27155
maspeth queens,87.91685901,0.494981557,10.16488577,1.313144764,27155
maspeth queens,86.88479585,0.524423153,7.901073501,1.87710202,27155
maspeth queens,90.18446756,0.57415862,10.14032682,2.239732678,27155
maspeth queens,88.30802465,0.594338359,19.52494621,1.609184868,27155
maspeth queens,87.55447052,0.445850623,25.07491419,1.303005072,27155
maspeth queens,89.14507491,0.563915819,17.04155285,1.47149674,27155
maspeth queens,89.7552404,0.377162982,13.05551305,2.646280974,27155
maspeth queens,90.70037844,0.384520071,8.561622783,1.821506333,27155
maspeth queens,89.78572402,0.57382332,19.76033842,1.170993688,27155
maspeth queens,90.09727296,0.2524052,6.971825195,6.940552993,27155
maspeth queens,87.76087668,0.594922347,6.422984132,1.945821505,27155
maspeth queens,88.85765099,0.400989542,26.21344775,3.809282375,27155
maspeth queens,91.23799566,0.272249096,14.55364458,4.528124043,27155
maspeth queens,90.33849543,0.353726424,13.50199249,1.806206769,27155
maspeth queens,89.98184211,0.742608712,9.697023574,1.766973236,27155
maspeth queens,88.58122314,0.451435862,19.97339944,3.07917759,27155
maspeth queens,91.46033147,0.630889837,9.429862621,1.765441113,27155
maspeth queens,90.88804656,0.359670792,10.50948065,2.217047263,27155
maspeth queens,91.58363394,0.173869677,20.49108462,1.148260715,27155
maspeth queens,89.65199635,0.460892769,19.93797481,1.864333141,27155
maspeth queens,88.35937729,0.338975123,12.29846576,3.941395786,27155
maspeth queens,89.46394635,0.414485103,23.28756446,1.943492269,27155
maspeth queens,90.79107568,0.441312385,17.26026947,2.595801191,27155
maspeth queens,90.39573298,0.225971076,16.32661639,1.660918731,27155
maspeth queens,91.38798257,0.423332225,19.04785454,5.898460584,27155
maspeth queens,91.17538525,0.390287189,11.84724836,3.465488808,27155
maspeth queens,91.12943116,0.415131871,14.13472336,1.436403074,27155
maspeth queens,89.66877831,0.591970908,8.148040543,1.734848105,27155
maspeth queens,90.12257906,0.221229479,15.84625537,6.576993414,27155
maspeth queens,91.23211722,0.338161715,6.586381476,3.318325554,27155
maspeth queens,91.49452439,0.366214344,6.868157501,3.304044108,27155
maspeth queens,91.32306427,0.523167373,13.20814477,2.043853185,27155
maspeth queens,90.86348055,0.430842051,17.67433015,3.487845071,27155
maspeth queens,91.84373237,0.204658315,22.23771672,1.223738357,27155
maspeth queens,91.01517145,0.515282334,19.70337342,3.272814486,27155
maspeth queens,92.50181738,0.407520815,23.50614682,5.886484167,27155
maspeth queens,92.02031227,0.282227769,7.313300654,3.453660228,27155
maspeth queens,92.2330136,0.469150913,15.0458455,6.259114749,27155
maspeth queens,93.8768341,0.250968769,25.9479233,2.252789478,27155
maspeth queens,94.27785978,0.413575912,26.42201651,3.800240631,27155
maspeth queens,90.95059889,0.335675717,24.65996695,2.699379854,27155
maspeth queens,93.2369795,0.513172171,26.07523443,3.04821852,27155
maspeth queens,90.89082817,0.418179825,22.51703419,3.872988119,27155
maspeth queens,92.65490124,0.162345198,8.376920569,2.06834247,27155
maspeth queens,90.94435352,0.358033151,12.51035475,2.692065365,27155
maspeth queens,91.97836214,0.169439593,12.99153824,5.80112802,27155
maspeth queens,91.85048017,0.307596099,15.62726507,1.724769206,27155
maspeth queens,93.57046135,0.471818263,5.814439255,1.83359989,27155
maspeth queens,92.36615422,0.324192678,10.86865758,2.174851515,27155
maspeth queens,92.0813632,0.530856838,22.00773668,3.321586493,27155
maspeth queens,93.00067647,0.414527831,22.34767402,1.838700061,27155
maspeth queens,91.05383768,0.357926982,8.37645918,1.76165618,27155
maspeth queens,92.4408942,0.517211351,21.5393396,1.651681754,27155
maspeth queens,92.65547408,0.675914921,6.348349417,1.26230545,27155
maspeth queens,91.02019867,0.311092891,8.283774262,1.772013301,27155
maspeth queens,92.72478692,0.406302459,19.05179269,5.462908149,27155
maspeth queens,91.25051781,0.2257881,8.380496254,3.092648445,27155
maspeth queens,93.02287464,0.59837659,24.69590713,2.610422341,27155
maspeth queens,92.46791092,0.341687923,10.81277014,1.425593616,27155
maspeth queens,93.19022959,0.444349362,10.41379429,4.472270895,27155
maspeth queens,93.08774671,0.399221292,22.41629464,5.343982923,27155
maspeth queens,94.17796542,0.360864825,17.17197974,5.556002125,27155
maspeth queens,91.61305011,0.429664598,7.150090714,4.909332087,27155
maspeth queens,92.03386862,0.442414295,8.098613783,3.979701353,27155
maspeth queens,92.18000908,0.259997191,16.18049457,3.678179705,27155
maspeth queens,92.92208527,0.246263441,19.15242056,1.730250592,27155
maspeth queens,91.96961732,0.25299539,25.90306664,6.942127652,27155
maspeth queens,94.19586506,0.279880529,7.603074675,4.476178438,27155
maspeth queens,94.66066733,0.488200481,13.48216143,6.055265293,27155
maspeth queens,94.0705251,0.160804027,26.30980796,4.444432611,27155
maspeth queens,92.70996253,0.413717505,23.23402297,2.251204247,27155
maspeth queens,93.35972253,0.254592777,25.95218626,3.057207349,27155
maspeth queens,92.684098,0.39974593,21.78431024,2.989971629,27155
maspeth queens,95.2429259,0.247766849,23.10872557,2.101132445,27155
maspeth queens,95.44598224,0.301944505,26.18294974,3.589851178,27155
maspeth queens,92.81923274,0.377850367,9.939682758,2.368046988,27155
maspeth queens,94.21237385,0.376450564,26.07395443,3.510461569,27155
maspeth queens,92.72211758,0.406870061,24.81865911,2.571807206,27155
maspeth queens,94.68547726,0.467605054,6.633636942,4.945934097,27155
maspeth queens,91.05299823,0.352273053,18.23342754,2.60955956,27155
maspeth queens,92.20081164,0.344963534,16.60409914,3.632813388,27155
maspeth queens,95.98468931,0.607570005,11.66320373,2.962635938,27155
maspeth queens,92.68844999,0.264220012,12.59068878,1.492606901,27155
maspeth queens,94.30293015,0.462530258,9.104476016,2.023698295,27155
maspeth queens,95.65069248,0.457524713,16.75425001,3.192672862,27155
maspeth queens,92.51793766,0.405762167,4.511066787,2.596722854,27155
maspeth queens,94.95543304,0.269103981,17.72426433,2.299969364,27155
maspeth queens,94.65150089,0.41143435,11.38963382,5.719417231,27155
maspeth queens,94.49381852,0.454581293,3.748156096,1.846590101,27155
maspeth queens,92.359323,0.419043208,17.77505,1.249182934,27155
maspeth queens,92.88628,0.531090909,13.78768657,3.799013318,27155
maspeth queens,96.44667319,0.284339742,12.42285749,5.851769087,27155
maspeth queens,93.89096095,0.63170423,8.923819418,6.55537072,27155
maspeth queens,94.12899825,0.169911968,14.30249249,3.416724949,27155
maspeth queens,94.68481174,0.169079865,13.76218832,4.216748459,27155
maspeth queens,94.48365677,0.350784056,8.066888713,1.279115092,27155
maspeth queens,96.75455743,0.189633282,14.2349239,1.638127615,27155
maspeth queens,94.42040638,0.393248817,3.531820195,2.669408648,27155
maspeth queens,95.47970529,0.32083989,11.48731682,2.875869634,27155
maspeth queens,93.22497562,0.428729951,17.18538364,2.02922834,27155
maspeth queens,95.53483278,0.189397878,5.000839407,2.362520187,27155
maspeth queens,95.33411128,0.341402825,11.67955748,6.464747672,27155
maspeth queens,94.88898005,0.238845433,10.53319232,6.732375879,27155
maspeth queens,95.39949305,0.52625565,14.77991782,6.809427666,27155
maspeth queens,94.98625506,0.368545936,12.03001361,2.842301405,27155
maspeth queens,93.28824922,0.230958125,5.900890758,3.282311036,27155
maspeth queens,96.2384,0.159511722,7.514746135,4.825979462,27155
maspeth queens,95.65050397,0.360973571,11.16434292,1.635050041,27155
maspeth queens,94.52442088,0.279294795,3.826994496,1.953135041,27155
maspeth queens,95.96195931,0.254863814,10.50786514,1.266299214,27155
maspeth queens,96.67198311,0.342122111,9.08659025,1.636757135,27155
maspeth queens,97.51956141,0.33512785,18.33541012,2.933067656,27155
maspeth queens,96.96283719,0.189261458,7.349757081,3.578682172,27155
maspeth queens,96.26670574,0.407945756,5.99500533,5.602216305,27155
maspeth queens,96.11103874,0.215388605,5.287131828,3.65121934,27155
maspeth queens,95.65039271,0.493210076,9.282532789,3.730291614,27155
maspeth queens,94.90544271,0.124508834,3.835786843,6.907496456,27155
maspeth queens,96.56558629,0.189383729,16.83096043,3.549015143,27155
maspeth queens,97.23526092,0.179000334,7.999749148,3.639245332,27155
maspeth queens,97.14426757,0.261079758,6.828604072,1.145730913,27155
maspeth queens,96.3362382,0.227753634,8.614984158,3.123020396,27155
maspeth queens,96.88668118,0.153532388,13.89295327,1.748322356,27155
maspeth queens,95.91722698,0.27557495,11.38523179,1.61529399,27155
maspeth queens,96.66096311,0.157868577,5.073131244,3.409536134,27155
maspeth queens,96.04175534,0.254078223,17.22265253,3.746565023,27155
maspeth queens,97.69543073,0.287219598,7.432712012,2.574315569,27155
maspeth queens,95.15815066,0.21691705,5.033682871,5.144993768,27155
maspeth queens,93.8496073,0.294897986,7.336475704,2.931614052,27155
maspeth queens,96.71910107,0.347509041,5.343226625,1.189025632,27155
maspeth queens,97.39115413,0.276408861,12.99569369,6.988850352,27155
maspeth queens,97.28005488,0.308093904,9.543912828,2.742577591,27155
maspeth queens,98.17869031,0.289401041,10.96494202,3.683149236,27155
maspeth queens,96.77956238,0.16227919,13.46598415,1.186196662,27155
maspeth queens,96.59921107,0.189509868,10.45627872,1.460014845,27155
maspeth queens,99.30756605,0.225371487,7.672408242,2.430905789,27155
maspeth queens,96.03037372,0.109366856,16.87367866,3.468159558,27155
maspeth queens,95.90223201,0.237541817,7.861951058,1.050804054,27155
maspeth queens,97.60808595,0.075891478,17.11310599,2.201393694,27155
maspeth queens,98.66457153,0.231100065,17.90280138,3.353872359,27155
maspeth queens,98.36528689,0.330139223,5.105773696,1.972380421,27155
maspeth queens,98.1760747,0.318279725,4.379057829,4.452855152,27155
maspeth queens,99.0211334,0.396987472,3.175525222,1.557300642,27155
maspeth queens,97.35256252,0.153110275,6.749537479,3.671373552,27155
maspeth queens,96.86153907,0.144067079,5.126020341,3.599255084,27155
maspeth queens,97.07292671,0.323325112,8.710601096,5.85335858,27155
maspeth queens,97.33968857,0.363293857,5.912273103,2.64986906,27155
maspeth queens,97.74219905,0.165029628,11.06553312,2.788370704,27155
maspeth queens,99.22684631,0.231008811,5.973062085,2.459862537,27155
maspeth queens,96.82178773,0.277455808,2.460322507,2.984585472,27155
maspeth queens,97.11121521,0.22869235,8.797228908,4.930045149,27155
maspeth queens,96.77902206,0.178697139,6.437449587,3.568793706,27155
maspeth queens,97.20513023,0.251057841,2.377328294,4.646581765,27155
maspeth queens,97.92285067,0.279011772,6.932165416,1.032955333,27155
maspeth queens,96.51456277,0.121782677,7.460280856,1.053839206,27155
maspeth queens,98.67343565,0.193401085,2.94558683,1.978605658,27155
maspeth queens,96.69123892,0.419057723,8.706602914,1.527263385,27155
maspeth queens,96.73146525,0.32854421,5.530340679,1.95592435,27155
maspeth queens,97.26684098,0.232943867,9.788491175,1.00764691,27155
maspeth queens,98.97739692,0.170102072,6.392840814,1.097163561,27155
maspeth queens,96.60404468,0.179162606,7.188775764,2.809876055,27155
maspeth queens,97.78443101,0.330060638,2.215602499,1.77961499,27155
maspeth queens,99.11471556,0.24064056,2.980056231,2.588588531,27155
maspeth queens,100.4589536,0.12425842,5.086993434,10.9502472,27155
maspeth queens,96.87753365,0.364661221,3.609676255,1.97184976,27155
maspeth queens,95.39741893,0.226788906,3.505026629,1.115540881,27155
maspeth queens,99.65970582,0.288327098,9.269880644,5.162188815,27155
maspeth queens,96.79107396,0.311912,8.809716216,2.737438656,27155
maspeth queens,98.46900969,0.219010644,4.14696002,5.933487083,27155
maspeth queens,98.25118739,0.090226681,6.236594553,2.314174429,27155
maspeth queens,99.02044363,0.290307667,3.291398712,1.897891552,27155
maspeth queens,100.0196145,0.386498693,2.948711541,1.158109518,27155
maspeth queens,99.39767596,0.314853676,10.5321961,3.06733346,27155
maspeth queens,99.6655163,0.371657581,9.757941443,1.82491537,27155
maspeth queens,100.649177,0.18472404,1.621370689,6.512389353,27155
maspeth queens,99.2151497,0.451666429,1.950271848,4.038195695,27155
maspeth queens,97.06496454,0.245405847,2.497582371,5.331602903,27155
maspeth queens,100.267553,0.38847467,2.28965435,11.33072665,27155
maspeth queens,99.18629286,0.083220617,10.79635214,6.049109451,27155
maspeth queens,98.42099455,0.34243411,9.646934831,2.891142643,27155
maspeth queens,97.83421652,0.240002694,2.067058739,1.601116372,27155
maspeth queens,98.69829464,0.37073607,10.56433113,6.95360653,27155
maspeth queens,96.64981299,0.285009316,8.748502627,3.425320261,27155
maspeth queens,98.34862303,0.300659434,9.992176908,1.034172733,27155
maspeth queens,98.83105041,0.171654444,9.823515092,1.871198156,27155
maspeth queens,98.54340554,0.183588015,9.728441663,1.283976745,27155
maspeth queens,99.7160417,0.076314389,6.659134595,2.241087212,27155
maspeth queens,98.85028234,0.223102507,6.969662889,2.792533635,27155
maspeth queens,98.22616827,0.233790973,9.176859007,2.224887189,27155
maspeth queens,96.41715865,0.190663486,10.67318323,6.696105246,27155
maspeth queens,100.4109013,0.146821524,6.279074793,8.817650063,27155
maspeth queens,99.38629203,0.232167694,7.642796078,3.383241392,27155
maspeth queens,98.78732506,0.260335288,10.80906566,1.5906579,27155
maspeth queens,99.7538234,0.17968965,5.051530174,3.102838882,27155
maspeth queens,99.21157405,0.240037874,9.614386322,2.748490916,27155
maspeth queens,99.26008145,0.395043246,8.412100967,4.761179617,27155
maspeth queens,98.94650822,0.31591506,5.096422677,1.888659884,27155
maspeth queens,100.5800604,0.092965829,8.461223285,4.303014587,27155
maspeth queens,99.61674199,0.236688846,7.056206906,1.492666368,27155
maspeth queens,99.05248441,0.270693443,1.905001529,5.947039587,27155
maspeth queens,101.027052,0.220415533,6.767980238,1.147125966,27155
maspeth queens,101.8544778,0.14419699,2.359250566,2.340736212,27155
maspeth queens,98.99876037,0.316351261,8.55827388,2.566572395,27155
maspeth queens,101.9895961,0.244123985,8.331756544,6.921667398,27155
maspeth queens,101.0321981,0.286252906,8.348552284,6.914723913,27155
maspeth queens,99.49970383,0.177009279,2.597048686,1.788383737,27155
maspeth queens,100.5336963,0.202658489,5.24598066,5.296985112,27155
maspeth queens,101.235051,0.240627465,4.770766687,8.342708727,27155
maspeth queens,100.7632206,0.172919597,3.345564157,5.822558753,27155
maspeth queens,101.1180184,0.126081477,4.808066746,2.690074735,27155
maspeth queens,101.7209503,0.318098367,4.681974589,6.112276023,27155
maspeth queens,100.8249498,0.127879098,6.503887269,9.247821253,27155
maspeth queens,102.0397114,0.235615387,3.974939186,10.71014277,27155
maspeth queens,101.4231985,0.165404797,4.449732106,10.93975293,27155
maspeth queens,102.3197712,0.303063118,5.495441786,4.362511421,27155
maspeth queens,101.3588631,0.13683493,1.35830859,3.776775602,27155
maspeth queens,101.0882381,0.164003118,7.085399866,7.171945785,27155
maspeth queens,102.0144829,0.202374012,4.32606211,1.884455625,27155
maspeth queens,102.5033504,0.287342784,8.19683939,10.37888726,27155
maspeth queens,103.26124,0.147346205,4.599935377,1.729013188,27155
maspeth queens,100.8265843,0.175701391,4.846155477,10.77919062,27155
maspeth queens,101.354626,0.333254241,2.522368747,2.158915147,27155
maspeth queens,101.610197,0.092797216,7.008092438,10.18688069,27155
maspeth queens,102.2734798,0.306387322,4.52595072,1.9364955,27155
maspeth queens,102.3255108,0.092364754,7.104598198,3.366353218,27155
maspeth queens,103.3446323,0.218380253,3.966337535,10.69730634,27155
maspeth queens,102.7222888,0.154783496,4.857284406,1.492896657,27155
maspeth queens,102.7161117,0.321560951,3.083042672,1.026265577,27155
maspeth queens,101.9727796,0.149257236,0.015916535,1.204542073,27155
maspeth queens,102.0050173,0.200380403,0.888850209,7.308794812,27155
maspeth queens,105.1473136,0.258643771,7.617084868,4.614249182,27155
maspeth queens,101.9169811,0.020795209,0.178765043,2.969994919,27155
maspeth queens,102.0252589,0.10462268,3.42316509,2.634025125,27155
maspeth queens,104.7379243,0.157740058,2.011513286,7.283258268,27155
maspeth queens,102.0495573,0.333047422,3.449931868,6.99622045,27155
maspeth queens,102.2912114,0.225743917,1.186596137,11.67857505,27155
maspeth queens,102.6519738,0.172599722,6.212231637,9.914199063,27155
maspeth queens,102.7527492,0.403156624,5.378397078,2.478339535,27155
maspeth queens,105.2967491,0.038418477,5.999372446,11.63570256,27155
maspeth queens,104.580693,0.151559468,3.019115842,7.71644987,27155
maspeth queens,104.719235,0.038332849,3.085409854,2.63577699,27155
maspeth queens,104.6230868,0.197886817,5.931608712,2.288758326,27155
maspeth queens,103.1160591,0.04954821,7.25697157,2.506552077,27155
maspeth queens,105.6596555,0.13335744,6.914135519,9.339256471,27155
maspeth queens,104.8558267,0.348238447,4.831829259,11.17898523,27155
maspeth queens,105.674408,0.093669197,5.801561103,3.100043287,27155
maspeth queens,106.2000587,0.12048819,4.889521226,7.453839677,27155
maspeth queens,105.1655146,0.209941787,3.117284759,3.730791682,27155
maspeth queens,106.6819299,0.232321482,0.494346378,11.19292598,27155
maspeth queens,104.4881168,0.169447597,1.786413074,3.826967785,27155
maspeth queens,106.9932074,0.260501174,5.721970689,8.283912094,27155
maspeth queens,106.6060035,0.15152758,8.025089238,8.865541278,27155
maspeth queens,107.70519,0.137564994,3.084952275,5.839520229,27155
maspeth queens,108.0207103,0.134617017,0.273608078,2.914370592,27155
maspeth queens,106.884298,0.203661564,3.668536054,8.271345723,27155
maspeth queens,108.8932329,0.009939071,6.78739257,9.562046946,27155
maspeth queens,107.2163292,0.233199939,3.700614583,1.588825217,27155
maspeth queens,108.1436855,0.188830571,2.593150381,11.32943736,27155
maspeth queens,109.5241248,0.133194957,7.146880602,6.948223749,27155
mid-manhattan west,85.678756,0.542853647,21.82593743,2.645293971,27634
mid-manhattan west,85.78554061,0.438118784,4.497725148,1.075829806,27634
mid-manhattan west,91.0067058,0.103117345,14.39102618,4.303847451,27634
mid-manhattan west,89.49541346,0.427031594,16.45035958,4.343983562,27634
mid-manhattan west,90.82181402,0.183162983,24.40140139,5.765749817,27634
mid-manhattan west,89.70363789,0.112509944,4.743883337,1.130889387,27634
mid-manhattan west,90.59079014,0.276738785,7.533140411,12.52016721,27634
mid-manhattan west,90.17299571,0.11795738,5.355545574,11.70740349,27634
mid-manhattan west,90.14414047,0.276365193,22.39131751,13.25903523,27634
mid-manhattan west,90.11696698,0.103880999,18.23171032,4.143147525,27634
mid-manhattan west,90.92790366,0.254936641,16.88780997,12.27411603,27634
mid-manhattan west,91.4984982,0.325829112,20.91940511,9.09435218,27634
mid-manhattan west,91.9955765,0.207867167,19.58539309,5.165705195,27634
mid-manhattan west,91.27180709,0.334608388,16.51370983,1.035820176,27634
mid-manhattan west,91.22297489,0.20213388,10.52951543,1.981589866,27634
mid-manhattan west,91.61348572,0.156649918,20.68825934,2.169849191,27634
mid-manhattan west,90.7180323,0.194981304,17.6065734,7.535453449,27634
mid-manhattan west,92.87863643,0.160796954,19.14617379,8.141937836,27634
mid-manhattan west,91.08165683,0.290120754,12.23855463,9.30511648,27634
mid-manhattan west,92.04844335,0.446108657,19.90263987,2.169571261,27634
mid-manhattan west,90.44259604,0.171251418,4.379368032,12.61213603,27634
mid-manhattan west,93.60421097,0.22798776,25.02428345,5.05241627,27634
mid-manhattan west,93.98476544,0.207349972,11.22394558,2.806000224,27634
mid-manhattan west,92.01471379,0.467163713,15.14320196,2.660532918,27634
mid-manhattan west,94.17783348,0.345793215,13.02737426,1.475582773,27634
mid-manhattan west,93.51296824,0.41880451,11.54784457,10.58152868,27634
mid-manhattan west,93.93142221,0.227637738,11.39309048,5.854684108,27634
mid-manhattan west,94.61889441,0.103692496,11.54918445,5.680180389,27634
mid-manhattan west,92.9238586,0.219143177,11.2494967,1.723747704,27634
mid-manhattan west,93.34930677,0.149365572,16.74805199,7.655886663,27634
mid-manhattan west,93.70646555,0.403543903,6.697003911,6.888268532,27634
mid-manhattan west,93.22265214,0.381900438,2.975447407,2.94363433,27634
mid-manhattan west,93.61417918,0.367857096,7.364811657,6.343881656,27634
mid-manhattan west,94.85160203,0.268935205,16.53992019,13.0622627,27634
mid-manhattan west,94.69462614,0.138582935,9.734923486,5.585428334,27634
mid-manhattan west,94.45298555,0.113882775,6.024593606,7.405751186,27634
mid-manhattan west,94.81115273,0.167570677,17.66775207,4.050022434,27634
mid-manhattan west,95.85680173,0.046948876,4.370842779,10.96425878,27634
mid-manhattan west,94.51372018,0.034173387,9.841192279,10.35048583,27634
mid-manhattan west,95.82800621,0.107760184,5.495074043,10.10532008,27634
mid-manhattan west,94.6639889,0.298216224,6.46953635,9.756548471,27634
mid-manhattan west,97.25913696,-0.006551748,3.563708646,10.15593056,27634
mid-manhattan west,94.28184123,0.261718886,6.689188464,8.289809388,27634
mid-manhattan west,96.19249938,0.339808781,15.74532179,3.926435285,27634
mid-manhattan west,96.83817093,0.074104308,3.710672634,2.470360333,27634
mid-manhattan west,94.60026788,0.073249363,4.442924541,10.9979034,27634
mid-manhattan west,95.33590368,0.213380148,10.3427195,2.15796062,27634
mid-manhattan west,96.9873244,0.083814372,10.37670337,5.830903328,27634
mid-manhattan west,96.22399946,0.110282945,4.576193135,3.400982129,27634
mid-manhattan west,97.62246785,0.054717616,8.846999912,1.270257787,27634
mid-manhattan west,97.83038789,0.135681193,14.83725201,3.248802201,27634
mid-manhattan west,94.68592955,-0.031995964,8.61198993,8.600319237,27634
mid-manhattan west,96.86339472,0.185030511,13.94284598,13.4292577,27634
mid-manhattan west,97.1334338,0.094169852,6.495819945,4.369709588,27634
mid-manhattan west,96.80689919,-0.003176543,15.05314598,10.34399839,27634
mid-manhattan west,97.84616425,0.178942315,8.448507122,13.96302519,27634
mid-manhattan west,98.13303565,0.178166565,12.38374098,11.93319147,27634
mid-manhattan west,98.2762728,0.01571958,9.885619317,13.14717401,27634
mid-manhattan west,97.3025878,0.159143791,8.747898775,9.111398225,27634
mid-manhattan west,98.07131219,0.079181503,8.76914842,10.7754761,27634
mid-manhattan west,97.3473129,0.230839068,4.061927913,10.91341241,27634
mid-manhattan west,96.20496514,0.210235896,9.931955583,10.67345566,27634
mid-manhattan west,98.0056767,0.200721826,2.167501921,13.3551016,27634
mid-manhattan west,97.61024241,0.255532549,1.518664776,8.504678877,27634
mid-manhattan west,97.28295404,0.312550385,5.498734453,12.01275887,27634
mid-manhattan west,96.33145684,0.148807198,9.79793535,4.584342124,27634
mid-manhattan west,99.15179354,0.087196553,3.292303173,1.039171117,27634
mid-manhattan west,97.44148314,0.009272129,7.337518653,13.77653076,27634
mid-manhattan west,99.98207197,-0.012330754,9.595448132,5.905804484,27634
mid-manhattan west,100.1396726,0.060008953,1.754971861,16.87167459,27634
mid-manhattan west,98.18686484,0.240415782,5.291969899,13.96668138,27634
mid-manhattan west,97.37674678,0.084167633,5.413639256,5.87989528,27634
mid-manhattan west,97.58288776,0.141959689,2.494070618,5.383068161,27634
mid-manhattan west,99.14128496,0.099619853,9.775257231,6.404193752,27634
mid-manhattan west,98.5566262,0.200266363,3.050098763,1.208256694,27634
mid-manhattan west,99.0540814,0.12607047,0.926744099,5.783566726,27634
mid-manhattan west,100.1947341,0.012146708,8.643045904,7.477478815,27634
mid-manhattan west,101.2449486,0.081092197,7.754086614,12.70764628,27634
mid-manhattan west,100.7815762,0.253416904,7.72155964,8.407291487,27634
mid-manhattan west,99.24901874,0.05489367,4.938174765,3.867651134,27634
mid-manhattan west,101.2093074,0.015598724,2.872160498,6.978664804,27634
mid-manhattan west,99.96474169,0.022520845,3.996032797,12.52256698,27634
mid-manhattan west,100.7880691,0.060049172,3.432381078,18.5291928,27634
mid-manhattan west,100.4012825,0.062599039,2.0129388,6.108086364,27634
mid-manhattan west,101.6548674,0.29954372,0.119000083,12.54258019,27634
mid-manhattan west,101.7470753,0.051944377,5.430110988,7.625825505,27634
mid-manhattan west,99.77046795,0.111180812,1.897595253,4.219714288,27634
mid-manhattan west,103.8356673,0.116766728,7.62743169,8.026648489,27634
mid-manhattan west,102.780288,0.041162097,4.774208415,11.52192889,27634
mid-manhattan west,104.1140967,0.082982639,4.863295921,15.57074858,27634
mid-manhattan west,105.3067913,-0.065607974,0.093223316,16.1182376,27634
ocean parkway brooklyn,89.05698537,0.191544773,21.46491944,3.132146692,40771
ocean parkway brooklyn,90.43298452,0.258030454,13.6261907,1.689644856,40771
ocean parkway brooklyn,92.21757584,0.41583332,20.5997023,2.935056318,40771
ocean parkway brooklyn,91.63774618,0.560552342,17.30355991,2.616947107,40771
ocean parkway brooklyn,91.76889665,0.091983426,9.47814781,1.586160484,40771
ocean parkway brooklyn,94.86071448,0.273532379,25.5994219,1.195513072,40771
ocean parkway brooklyn,91.11730463,0.27338599,26.73544523,1.05552178,40771
ocean parkway brooklyn,93.88931247,0.151660263,24.06493965,3.245613476,40771
ocean parkway brooklyn,92.76163018,0.307555446,14.42715009,4.0922487,40771
ocean parkway brooklyn,96.37271585,0.228355886,17.83471527,3.76724033,40771
ocean parkway brooklyn,93.57217365,0.203699715,14.21164593,1.856769666,40771
ocean parkway brooklyn,94.97001089,0.150741458,14.59013645,2.621724748,40771
ocean parkway brooklyn,96.47225106,0.240835486,6.980077373,2.548933985,40771
ocean parkway brooklyn,95.29253347,0.191219547,5.406166095,1.677768668,40771
ocean parkway brooklyn,97.65420522,0.226204917,9.820247642,5.884346198,40771
ocean parkway brooklyn,96.00241995,0.137325135,15.65005751,3.657215776,40771
ocean parkway brooklyn,95.87114425,0.391774314,6.469039424,2.395332647,40771
ocean parkway brooklyn,96.7278194,0.213164952,19.26758267,1.005761161,40771
ocean parkway brooklyn,94.41162477,0.341717154,7.163053334,1.857153065,40771
ocean parkway brooklyn,92.9289623,0.320188619,14.56931202,1.265388287,40771
ocean parkway brooklyn,94.57120328,0.2284228,18.76138522,1.343623297,40771
ocean parkway brooklyn,96.72257884,0.117883949,19.10175142,3.84552879,40771
ocean parkway brooklyn,95.84315907,0.174863311,9.686109866,2.733721555,40771
ocean parkway brooklyn,95.31666671,0.279124675,5.933364419,1.200043375,40771
ocean parkway brooklyn,96.59636438,0.433149754,16.64725342,3.118259767,40771
ocean parkway brooklyn,95.80503886,0.397958772,13.79151912,1.447371797,40771
ocean parkway brooklyn,94.40104888,0.462889985,10.18598148,1.843169777,40771
ocean parkway brooklyn,96.21161329,0.284678218,15.54584519,2.504021661,40771
ocean parkway brooklyn,97.30236697,0.368984103,18.7811747,4.663717491,40771
ocean parkway brooklyn,97.12356306,0.155818885,7.385312541,1.742444889,40771
ocean parkway brooklyn,97.51308776,0.250490637,11.58777549,1.094334586,40771
ocean parkway brooklyn,96.33196892,0.20501623,19.11706856,2.571198358,40771
ocean parkway brooklyn,98.00022804,0.260370231,12.4979748,1.260425439,40771
ocean parkway brooklyn,97.13550688,0.092223117,17.01801568,2.400426567,40771
ocean parkway brooklyn,96.80846094,0.371684962,14.64988985,4.169593384,40771
ocean parkway brooklyn,95.23729179,0.269903572,11.77252013,1.690121264,40771
ocean parkway brooklyn,97.51083108,0.272176286,9.900777063,3.682840824,40771
ocean parkway brooklyn,96.77635688,0.262731893,19.12702587,3.387917684,40771
ocean parkway brooklyn,96.47463368,0.178691756,18.00371744,4.194665063,40771
ocean parkway brooklyn,98.26662931,0.309490231,17.79716165,2.980087275,40771
ocean parkway brooklyn,98.52687153,0.288068592,8.119768304,2.257944268,40771
ocean parkway brooklyn,97.46134608,0.347687991,9.20182459,3.348966791,40771
ocean parkway brooklyn,96.41565231,0.333495356,9.142117262,1.479042075,40771
ocean parkway brooklyn,96.46428701,0.43940224,9.43905689,1.522073049,40771
ocean parkway brooklyn,96.04564614,0.272566923,6.896597514,2.603197061,40771
ocean parkway brooklyn,98.7531033,0.298119562,7.598765715,1.632372627,40771
ocean parkway brooklyn,97.89744933,0.429712354,12.77103007,3.013355464,40771
ocean parkway brooklyn,97.62447745,0.113834483,7.025506603,1.484940484,40771
ocean parkway brooklyn,99.29556527,0.179850835,10.20222217,3.929176094,40771
ocean parkway brooklyn,97.04230581,0.21174073,9.600793961,1.478528239,40771
ocean parkway brooklyn,98.3509752,0.21604677,9.137414114,6.293045359,40771
ocean parkway brooklyn,97.76944577,0.251594752,11.77721885,3.95711548,40771
ocean parkway brooklyn,99.03103979,0.284819792,7.051749464,3.333298929,40771
ocean parkway brooklyn,98.47786906,0.290437122,8.655362029,1.584860445,40771
ocean parkway brooklyn,97.70178403,0.235583134,12.49469222,2.315258977,40771
ocean parkway brooklyn,97.40465821,0.308772393,6.4875405,1.40082149,40771
ocean parkway brooklyn,98.02449315,0.376391103,6.659510857,3.376023566,40771
ocean parkway brooklyn,99.01088498,0.305372904,10.99215288,4.936793445,40771
ocean parkway brooklyn,97.30095708,0.385851531,6.468803288,3.091720823,40771
ocean parkway brooklyn,98.16636554,0.281662878,12.11247268,3.669398627,40771
ocean parkway brooklyn,99.73522475,0.198406233,11.52519554,1.953056485,40771
ocean parkway brooklyn,98.99483708,0.107796729,11.87058559,3.361820959,40771
ocean parkway brooklyn,101.1949943,0.098856836,4.308135674,5.86274821,40771
ocean parkway brooklyn,98.62953503,0.24829786,8.877750858,2.89960753,40771
ocean parkway brooklyn,99.51490798,0.375263002,10.88329595,1.208881721,40771
ocean parkway brooklyn,99.11504806,0.200766345,4.792610227,5.46064139,40771
ocean parkway brooklyn,97.891146,0.188451378,11.69835114,2.05750171,40771
ocean parkway brooklyn,99.40647639,0.350300876,5.367012547,1.558310257,40771
ocean parkway brooklyn,98.34774059,0.180923073,11.73549276,2.599765293,40771
ocean parkway brooklyn,99.14530159,0.184709293,4.531111528,1.636883274,40771
ocean parkway brooklyn,99.51847779,0.011763249,12.6462153,3.105552907,40771
ocean parkway brooklyn,101.7740453,0.363228472,8.151590968,2.153767614,40771
ocean parkway brooklyn,98.98945187,0.156845854,7.798205688,2.769437327,40771
ocean parkway brooklyn,100.3962549,0.208118213,6.207403202,9.97687091,40771
ocean parkway brooklyn,100.5618722,0.05995448,5.682930645,3.595990944,40771
ocean parkway brooklyn,99.6396223,0.214170583,7.420297458,5.160782299,40771
ocean parkway brooklyn,99.33459344,0.31687711,4.299051605,2.935075327,40771
ocean parkway brooklyn,100.3460996,0.124779307,5.668048723,10.37276433,40771
ocean parkway brooklyn,101.9473785,0.280832171,5.663582526,1.943418291,40771
ocean parkway brooklyn,99.72330268,0.325209933,7.155948795,1.128045755,40771
ocean parkway brooklyn,100.6477826,0.082630298,12.22670166,10.53201499,40771
ocean parkway brooklyn,100.0481394,0.229076844,8.803757859,7.092391497,40771
ocean parkway brooklyn,102.3596601,0.142595107,9.03985856,1.329025111,40771
ocean parkway brooklyn,100.0071299,0.135205223,6.298528264,3.479893374,40771
ocean parkway brooklyn,99.59183461,-0.03055099,12.91351236,1.777817717,40771
ocean parkway brooklyn,102.189156,0.199095878,10.13210262,7.856456818,40771
ocean parkway brooklyn,100.7861258,0.173186736,8.358563052,2.79801865,40771
ocean parkway brooklyn,99.85151975,0.190806149,3.43817933,2.766426359,40771
ocean parkway brooklyn,101.7558551,0.072253739,9.602333575,7.419219082,40771
ocean parkway brooklyn,100.1258702,0.143600932,4.655979692,8.175767368,40771
ocean parkway brooklyn,99.92562579,0.127625784,1.247957073,5.905238794,40771
ocean parkway brooklyn,100.9164542,0.229336627,1.416672921,3.859103489,40771
ocean parkway brooklyn,102.3390487,0.179165269,3.201762493,1.353682575,40771
ocean parkway brooklyn,99.80215518,0.040464144,8.381388585,4.611697929,40771
ocean parkway brooklyn,99.94958812,0.114191999,0.948026318,1.133580086,40771
ocean parkway brooklyn,99.42332994,0.209145797,8.708841192,1.750710219,40771
ocean parkway brooklyn,102.810918,0.283500624,6.9678798,2.272981067,40771
ocean parkway brooklyn,101.7267066,0.216971518,1.536818412,4.711812471,40771
ocean parkway brooklyn,101.6137415,0.108653307,3.280962346,10.99717139,40771
ocean parkway brooklyn,101.9393673,0.384690054,1.21700416,9.485526324,40771
ocean parkway brooklyn,102.663249,0.201075818,9.161010454,2.379385724,40771
ocean parkway brooklyn,103.7189272,0.086675434,1.506881907,9.831475866,40771
ocean parkway brooklyn,101.2282118,0.328373716,1.763518663,8.691327787,40771
ocean parkway brooklyn,101.1882238,0.108398001,3.119572583,4.175994026,40771
ocean parkway brooklyn,102.3768792,0.219178528,1.381664965,2.422697641,40771
ocean parkway brooklyn,102.2625273,0.144020008,9.95393826,8.799325421,40771
ocean parkway brooklyn,103.1644878,0.095390436,10.0387828,7.37619957,40771
ocean parkway brooklyn,102.8039132,0.185026627,2.253392143,7.56323391,40771
ocean parkway brooklyn,103.4201285,0.156236265,5.180490448,1.453131976,40771
ocean parkway brooklyn,106.5129208,0.211297162,2.971752895,6.124925356,40771
ocean parkway brooklyn,103.107031,0.094814535,6.590549987,10.99902335,40771
ocean parkway brooklyn,101.3657099,0.107613577,3.186124141,2.932137623,40771
ocean parkway brooklyn,104.673703,0.266270029,0.406136256,7.345239387,40771
ocean parkway brooklyn,105.3138074,0.322811713,1.765390306,3.282036229,40771
ocean parkway brooklyn,101.4732776,0.198887419,3.641302167,1.590974647,40771
ocean parkway brooklyn,102.7004211,0.111109971,3.315265438,2.304198666,40771
ocean parkway brooklyn,103.6910685,0.039663841,9.719685937,10.43761146,40771
ocean parkway brooklyn,103.5195981,0.205228945,4.203537561,3.372338806,40771
ocean parkway brooklyn,106.3776896,0.257467315,4.985881884,2.384679837,40771
ocean parkway brooklyn,103.4073156,0.061291753,4.748989834,9.891065837,40771
ocean parkway brooklyn,103.958113,0.048432666,3.350032117,7.357448097,40771
ocean parkway brooklyn,104.5292444,0.292732254,3.697461561,2.113392581,40771
ocean parkway brooklyn,104.8726241,0.168950827,2.505388774,5.704182612,40771
ocean parkway brooklyn,105.2734144,0.136175821,9.916398971,7.217855991,40771
ocean parkway brooklyn,105.7281757,0.050664014,3.129377326,3.686043075,40771